748972016699633665,@GershKuntzman You actually got PTSD from a shooting range? Ah yes a typical hook faggot like yourself would insult PTSD survivors.
748813069355061248,"@Johnvalle20 goes to show how you were raised by your moronic parents, having a stupid son/faggot like ... https://t.co/lUc7RNmejU"
748924465854156802,@andrew_szcz I'll be happy when you stop tweeting like a little faggot
749354788853256192,@ballardtom123 @JohnInSportz @clevelanddotcom dude ur a fucking duchebag get blogged faggot
749071098721865728,@Dropz97 play on your own ladder fucking faggot
749737288419147776,@nenarbarazi whoa dude don't be so drastic. I can't lose the already few friends that I have. Even if you are a faggot
749426175932379137,@NUSAExposer @NUSA_Surprise  Nah you faggot show us this board
749456752396103685,@KEEMSTAR Why did you delete your vid on @Smile4Yotube faggot
749683370628673537,@KEEMSTAR  change your twitter bio bitch your a faggot and you know it im 11 and i smarter then you
750078264358625281,@jacobsartorius Well you aren't my world.....faggot
749909024196427776,@TBEFangs @Im_Aerohz üòÇüòÇ I'm up so much money on u get out of my mentions u dodging faggot
750106248767344640,@SuccGabe well all in all I still hope you die faggot
750429835139309569,@I_AM_WILDCAT play rust or else your a faggot
750444762637959168,@EndMeRightNow @CheshyreSmile YOU POOR FAGGOT.
750648131847655424,"@DaithiDeNogla Happy birthday faggot, I'm glad you exist."
750512861378666496,@danieltosh So when are you fist fighting that Dyrdek faggot?
750902533187465216,"@BABPEEGFIVE nintendo does this with all their games I swear ""HAHA GO OUTSIDE WHATRE YOU SOME KIND OF FAGGOT GO OUTSIDE YOU GODDAMN LOSER"""
750882601838211072,@AlexisinNH  Don't try to shake my hand you faggot.
751455262775672832,@JustinMaguire7 get over here to get drunk you faggot
751566432786264065,"@CodeKEEM you are the definition of ""faggot"" https://t.co/SpBZsHk0nm"
751910156011708416,@EdChef1 @VulcanLanders @sseagalofficial Now I know why you're a cook - you hit like a faggot!
751569364596330496,@sweetharturbald that's bool well go about your business faggot
751835480606507008,@tmoyaaa_ love you faggot
751577807734448128,@devthgrin now i can call u gay faggot homosexual
751871161542275072,"@Doubtism @wagner_jamison @SirDoubtsALot Jamison Wagner, your use of the words fag, faggot and dick makes me pity you."
751623827621240832,@PrivateReate shut the fuck up you cheating faggot be man and suck it up pussy ass
751905223510138880,@GnarlyNoguer @miggymig_ @jamesvaldezjr U FAGGOT
751955076978184192,@rachel_gorman19 you do duke of Edinburgh aswell faggot
752015026165125121,@SteveRustad1 you sound like a total faggot #notjoking
752541298079391745,@beckettsamelia I didn't ask you faggot
752361840584171520,@Cowboy_whiskey faggot. Lint licker. Cunt Nugget. Queen LaQueefer. Take your pick. Just keep my name outta your mouth already bruh. Lol
752495466927927297,@FvckBrewski have u watched the shrek is love shrek is life where his dad calls him a faggot
752589054449946624,@Roo_HXE @Rhe7orical_HN I know this having hung with you guys.  Seriously just a butthurt faggot
752406929343852545,@DonaldTrump4All @__PatrickPerry apparently you do. Fucking faggot. Your mom should've swallowed you
752701088470446082,@Lo_Namath stop being a faggot hoe and u can too find happiness ctfu
752679525562064896,"@musty_freckles @nate_the_kid I'm not ""tryna talk to you breh"".. Just want u to know how shitty your faggot ass rap is"
752785406589100033,@TrulyRogue suck dicks you faggot :^)
752867283580489728,@Reince Im betting you are a child porn advocate and will be caught at an adult porn theater soon..down on your faggot knees sucking it up
753318133524496384,"@EssieKatelyn Definitely, his parting msg was ""Enjoy living in Toronto u lying faggot"" I wanted to be like ""Well, which one is it then?"" LOL"
753087857829502976,@steve_shives  fuck you and you're beliefs faggot
753238143948599302,@New_God_SHERM how does that correlate??.. You out here studying niggas lives?üò≠ you really some faggot
753611139204788224,@KEEMSTAR your a racist faggot that would never say the stuff you stay to a black guys face irl
753650678917050368,@TmarTn shut the fuck up go promote annother one of your gambling sites faggot
753774868064268288,@curlylemus_ you still my queen faggot
753783407646236672,@DystopianWhore provide source? And stop calling me babe u skinny faggot.
753793771788054529,@taylorcaniff ur a faggot
754210186491994112,@Midhill_ @ranbyRhiz your a faggot midhill
754342986545102848,@elton_kass Hey did you know your a faggot
754522792163323905,@stingray531 I don't see you at any majors anyways faggot
754818708669882368,@Onision not even white you fucking faggot.
754819174262837249,"@ArleRoxStone nope, gotta be one sided otherwise u r hypocrite faggot!"
754549564414185472,@colenbooo fuck off nigger. Assault fire is your first fps game faggot kys
754879614174892032,@iamkevingates shut yo faggot azz up you and your music is trash
755010686170923008,@mamuradaikis fight me and take off your clothes like a real man you faggot
755121642301423616,@Sam_Balderstone not packing your own suitcase? Faggot
755485473011818496,@l0bster_ man up you faggot üòÇüòé
755678100625555456,"@Sugarcubedog @Lesdoggg you realize you just proved my point? ""another guy"" involved him and he was then called a faggot."
755601302906732544,@samuelroukin Maybe that's because you are a retarded faggot with impaired critical thinking abilities
755927527470665729,@ItsEclihpse Hey faggot (jk) what's your favourite thing to do in gta5? And do you like any of the new stunt races and new cars? ( Õ°¬∞ Õú ñ Õ°¬∞)
756249947817684992,@Jack_Septic_Eye don't listen to them your not a faggot
756167559112568832,@KEEMSTAR ur such a childish faggot Kys gnome
756161603192524803,@Jack_Septic_Eye hey sean are you ok? Why did they call you a faggot?
756600583231070208,@_thatskaylaa miss you faggot üôÉ
756587576711081985,@6ixLucifer @Crooked519 @dallaslickerss yea don't be a faggot and make it something cute you dick
756657667716898816,@whitebecky1776 Do you mind polygamy? I'm already married to the fabulous faggot @Nero
756903932086067200,"@smilkcandy @_shrimpchan @Genjigasm shut up, kaitlin u never called faggot"
757374386211057664,@swagbuttsgalore haha i bet u kiss girls faggot.
757639210371125248,@canada_rinaldi what do you want for your birthday faggot ?
757378374968840192,@Kyle_Self1 Kyle self more like kill your self hahahahah get smashed faggot
757381235488403456,@_Rosie_Jessica_ @Lunaa go rub your cunt to some more greasy haired faggot that makes fun of children for a living
757797922817712128,"@realDonaldTrump Your sad story tugs at my heartstrings, you fucking faggot"
758448752982040577,@adams_etx ur an faggot
758439261267951616,"@zTrppy no, yesterday you were both a detective and a faggot. Now you're just a faggot."
758146263959400448,@deadshawtysonly use the clantag [Unoriginal faggot] you have 3 days
758485146949541893,@GoddessKerriLyn ....you can call me a faggot if you are my friend. Truly.
758848688252854277,@Trevorr_r11 shut up faggot you would
759050027423690752,@HatSteeds Haven't you got a little boy to groom or something faggot
759231846320340992,@DevDylan_ I can sue you for that faggot
759367569807728640,@DubayJeff your a faggot
759188926007566336,@queen_merk @CallofDuty @InfinityWard shut up you faggot
759451304854888452,"@FaZeApex shouldn't you be playing club penguin,  you faggot , OCK YOU!!"
759623439120490496,@justinbieber good for you faggot
759775017072820224,@AlexaKovi @jeffrey_goldman it's for training you faggot fuck
861076375771512833,@CensoredHDWang You're a Faggot just like Jeff. Get his cock outta your ass
861326171715366913,@_WoDao I CAN'T YOU FAGGOT
861600781199388674,@kieranbellk @jvckcun Innit you bent faggot
862010929592094720,@baddiealex LMFAOO now that i think of it i am funny and why didn't you say faggot....
861774614116126720,@kylerfire YOU FUCKING VAPING FAGGOT. AT LEAST I CAN RELY ON MY CAR YOU CURLY HEADED FUCK
862204932920705025,"@TayeDiggs is a straight up faggot, you can quote me on that"
862341302360395776,@Popesoybean117 but you are a huge faggot
862409422034915328,@mecfcb Or the fact that they win a shit ton of trophies. Are you this retarded I know you're a bandwagonner mate stick to hand egg faggot
863521654999265280,@Nossyej13 Honestly fuck you faggot
864154441225838593,@Yung_Frijole Our such a faggot bro
864331856124284928,@SmallpackageGod ... whatever makes you sleep better at night faggot
864620084463009792,"@CrankyTitz @notapinkpony Really, you just asked for winged faggot to chime in. Nice going"
864495878572318725,@justinthedudee @RavenxMiyagi Hahaha you're a faggot shut up .. don't you got some alcohol to drink already ?
864479810164150272,@drdre My Instagram didn't get shut down to I left a comment about your faggot ass monkeys they shirt
865021156411285505,@Rpgesuss why were you buying a Pierce the veil shirt faggot
865296273414529025,@Eleanorrobinx Stop crying you faggot
865019797477572608,@DemonDays96 you fucking faggot HAHAHAHAHA I AM DYING
865402842269401090,@kylegriffin1 Are you an undercover faggot?
866003525322522624,@ryanherrick_ fuck you faggot sit in a hole
866013272872542209,@sharpazula Stfu faggot
865767314716852225,@CelticsCSN @CSNNE I bet u swallowing your words right now either that or a load u faggot. step ur game up your med‚Ä¶ https://t.co/t7wksnphib
866150191753252865,@SickNievers @Rhetticent @MattWalshBlog Eat shit you Marxist faggot.
867131247830716416,@Mexqo Faggot honestly hahah scams u what a dickhead
867176978335576064,@AllenGC90  stfu you British faggot
867477307300220930,@TheDonkleBonk ew ur a faggot
867799480170680320,@TheCrashCourse you're an annoying faggot and your ears are huge
867537453585899520,@RDBVik You fucked up faggot LMFAO
868144402962694149,"@Thee_HedgeHog that's why you deleted that tweet, faggot aha"
867983371040727040,@nocamos Yeah and so are you. Your a faggot
868311734712508416,@Chadwick4Dylan NICE CROPPING YOU FAGGOT
868649711736991744,@1JPS100 @Ambernholcomb Faggot won't even respond to me you autistic fidget spinner
868900778571841536,@JordanFxlla @KRZMA_Slays @o_ostrander @Octane_ @CODWorldLeague Kill yourself faggot.. you disgrace the name of Jordan.
869035814193332227,@jacobsartorius @johnmb007 Your a faggot
869432104618270720,@shadwellian @MrHubba @EVANSlufc You're a faggot mate. You need to stop shagging your family.
869539961149816832,"@OnlyIRLAxel @famousdexfan5 don't judge my parents, you don't know them at all and they didn't do drugs unlike you you fucking faggot"
869708836378103808,@TaylorSeerden Yeah you too! Ya finsta faggot!
682822956221775872,@ItzKobraa how u faggot..
682755385988530176,@Joewago you are the exception i can be an ass to you all i want faggot
682824730437533696,@danicavlgas wru faggot
682781218736357376,@RT_com sick faggot that's why you getting murderd
682797643597254656,@xGalaxuhs MATT YOU FAGGOT FOLLOW ME IM SORRY ITS JUST YOU WERE CRINGEY AT THE TIME IM SORRY ITS DEION BROTHER REMEMBER WHEN I PUNCHED YOU
682808171338010628,@CezarMartinez1 fucking fight me you faggot ass bitch
682972764211404800,@AustinsWalker but I saw your picture next to faggot too?
682744300472504321,@ViridianFlameYT YOU A STUPID ASS FAGGOT WHO CAN'T SEE QUALITY ART M8
683395071895547905,"@itsRTRO @seiteewhS @Roasted_Baby Nice pose you bent faggot, ""sb"""
683419667302490112,@shawnayyy I will vape such a huge cloud all over cock u won't even know what to do. Probably bust a nut faggot.
683748450404536320,@DoritoDinker I was referring to the analyst saying we u faggot. Get off ur moms nipples it's my turn.
683769115711041537,"@Crucifved @Im_Headless @Duckola @_4ass @Im_Wiggler lolllll I beat u in a 9,7.50,555555555 ur ass u untag you worthless faggot"
683695392450560004,@pierdalessandro @WeLoveRobDyrdek @FLagravinese @ericdale20 yeah for you faggot
683632020719706114,@KEEMSTARx hey keem you sack of shit I hope you die of cancer you faggot you don't care about is your fans and it's all about the money üñï
684002461615525888,@funkycunt cut your hair faggot
684100285380313090,"@TheGrootling @IEllieI  Nope, that's pretty much it.   [2015-12-31 22:06:43][EUUHC3] Entrants -&gt; trPinxx: lol ur muted hahaha faggot kys"
684678390515773440,@SajTheOne stop decking in our deck you faggot. Your tweets are garbage
684703505983090688,@MikeRoderz @DoubleK29 @weemandan67 Rodders you are a faggot
685161003911360513,@Trich2014 you should be faggot
685246500570439681,@ObbCorona fuck you faggot
685172940867039233,@vancelt65  you fucking faggot
685576634255081472,@RayFromThePack @SportsCenter you are such a faggot I swear
685305011111333888,"@arshadsaeedkhan i mentioned GIRL in bold letters, You faggot.. Just recheck my tweetüò°"
685576260970504192,@Bill_Nye_Tho__ whoever runs this account: you are a pathetic faggot and your mother deserves to die of cancer. Though is a conjunction.
685292755392794624,@adamakaufman get off twitter faggot and go get laid you twat
685469201356713985,@Envalued YOU ARE A FAGGOT
685499484231487488,@dat__canadian how about u go suck some more cocks u little faggot pussy bitch
685689171609022464,@DreadMorgan You got me sick faggot. You need to die so i can feel better.
685838551762747394,"@KEEMSTARx you are a fucking asshole, research your stories before you post them or you can ruin peoples lives. YOU FUCKING FAGGOT"
685743559169818624,"@KEEMSTARx you need to quit! You're trash, you use your little fans that you probably touch to ruin other people FAGGOT"
685698491356585984,@Jacob_Berger22 @lowkeyTJ u correct grammar on Twitter....ur totally not a faggot at all
685646133859844104,@BenjiCool904 Brah you 25. Grow the fuck up. AIDS infested faggot.
686055732828073984,@REALPACMAN24 HA HA YA LOST FAGGOT. TELL YOUR BOYFRIEND @King55Tez AND THE REST OF THE TEAM TO ENJOY THE COUCH #SteelersNation
686591127357620225,@ifihadanicoll it knows you are a faggot
686477113583624192,@MoBissy I always knew you was a faggot!
686640343299813376,"@StaavooTuuletin when i type ur name into google search, the suggested result is faggot"
686392480930074624,@travis5bell @Corey_Cash15 you looked up that show faggot
686797017327112192,@iBexii get your own memes faggot
687017927153942528,@iMrMax how many do you have? lite cash faggot
686752817768345600,@monaco_shawn @brandon_rivv14 @6Michaelx @_alexander101 @GuzmanZaide @b_avila375 shut up you vape faggot
686988311152488448,@riddyymota @Antivus_ why the fuck do you sniff me you batty boy faggot suck your dead granny you moist prick
686753878931460096,@xLowiz fuck you faggot
687195560097484800,@KEEMSTARx stfu faggot
687393334101323776,@SiLENtMARtiNEz your faggot DL is gonna get mad üíÅ
687758326663221248,@KEEMSTARx @DailyMirror STFU KEEMSTAR YOU FAGGOT LIONMAKER DID NOTHING WRONG HE COULD TELL THE POLICE FOR CUBER BULLYING @LionMakerStudio
687728958142468096,@ObeyFumz @Obey_Twyman then you became the lil faggot LOL
687447264491638784,@iAnthonii @fuhz_ fuhz I always knew you were a fucking faggot
687433834317611009,@STLouisRams move the Avalanche too because they both suck like you!! FAGGOT!!! I hope Vince McMahon would take you to the cleaners!!
687788773107757057,@Caitlyn_Jenner hey remember that time you killed someone in a car accident? FAGGOT
688136619300278276,@ImFullCharged @Circcaa fuck you faggot
688345499859030020,@RataNovian God damn you fa-fa-fa-fa-fa-faggot.
688758206793912322,@EASPORTSFIFA Also when you get into a game you come up against a stupid little faggot holding the A button and beating everyone
688656683657261056,"@norm Can't wait till your old ass dies, you Drake the Flake dickriding faggot"
688521677391663105,@MikeSingleton9 @lovecanada2014 @CBCNews   Nah  I can take your wife she don't need a poor faggot like you
689040630257979392,@leyton_hughes @KSIOlajidebt Shut up Leyton Hughes u faggot
688975429793910784,@scottie856 why you ignoring my shit you talking bout we ain't in fifth grade answer me faggot
689532492064382976,@bslaughterrr easy for you to say your boyfriend is a faggot and doesn't know how to work social media
689562221303746561,@joshsenpibrown DRINK BLEACH AND DIE IN A HOLE YOU FUCKING PRICK FAGGOT
689292087141994496,@FBGMoStax @FiOS_JSmoke fuck u faggot
689638805091942400,@TheRickWilson Neocon faggots like you cry about younger gen not wanting to wade through the shit world you've created. Have a stroke faggot
689944725059690497,@HndrixLamar @hspf99 @beccaabatmann yeah the only difference is your a faggot
689708061460594688,@itsreallyjesus0 stfu faggot
690058873043030016,@I_like_houses fuck u faggot that's what you get for not tmbing bout chick fil a eat a bowl of dicks üñïüèºüíÖüèºü§òüèª
690308526384791553,@AndrewGray1399 you a pussyüòÇüòÇ wheb you don't know wtf you talmbout or going onüòÇ like i said faggotüòÖ you a bitch
690231271512002563,@ObeyDans stfu faggot
690266738550796288,@DarudeLeafStorm bit late for twenty fifmemes. second of all okay well manou is still a faggot.
690600496093085698,@Arya_Hajikandi ur a little late faggot
690651570120196097,@Obeychrisdotcom u will see Monday faggot
690654770382663681,@MustBeCharm make u clean my pool u little faggot
690988494395699200,@brokeslut @chaaris__ r u lol yo stop coming at people go to the mall for your pics faggot and by the way good luck https://t.co/9JbCegldse
690853815281664000,"@alaina_gough ahh thankuu laylay, I will do‚ò∫Ô∏èlov u too faggotüëÖx"
690980168668712960,@mikeferrari81 @k_bunzz @KillaPrime @tommyavery_12 @jon_diforio22 not that much u faggot smd
690921263880011776,"@RdosAnjosMMA @FJMercedes your mom went to school bitch,faggot Spurs dub!"
690950422668955649,@Nivodius shut up and control your borders do you have men in Sweden or have you embraced the LGBT faggot agenda ? I hope you havnt @Vockua
690916327196860416,@ItsSuperNovah lmfao bruh your bitch sloppy as fuck! Tf you mean? Haha that's prolly your sister you fucking prissy ass faggot
691076033705955328,@IronFistPedan 9 followers you stfu goof! Don't call me a faggot u hiding in the closest?üòÇ
691157403178500096,"@chelito217 @figi562  *mail, you faggot"
691227758446321664,"@xTanzrr @Kahtzy not really nabbing, just you are a faggot lmao rt"
692298643970342912,@twituserfay @xDeviate @oTekneek you're even worse you stupid faggot shut up
692466491598462977,@LucidTnup @sxneh hey faggot i didnt ask u tell soneh to stop crying about something that doesn't matter thanks
692195736692363265,@Omar04618473 what you faggot? My point was I believed in love and now I don't. Damn you gay as shit
692207128426184704,@TaranDosanjh_ but ur still a faggot
692523257329750016,"@KYR_SP33DY I will fuck you until you love me, faggot."
692577997166108672,@nickveneziano @aliendrews @literalbrooke didn't I tell your faggot ass to shut up
692551870850666497,"@ReeseGrizzard fine, no more nice things for you faggot"
693922363872796672,@Jayna_22 thank u faggot
794482274477608960,@BlakeAKAMighty we play you faggot
794413206869422080,@BleacherReport lol bandwagon report is a joke get off gsw nuts you faggot
794616907437522944,@HeadWeird_0 @ODDacityAlways bruh why do you look like a chick but your name is Eduardo lmao faggot
794690253248462848,@ElusiveJeehann You should stop playing bo2 you faggot
799704317175414784,@Ghosts0fWar if your a faggot
799460221294809088,@CashDaChecDrain why you banned me you FAGGOT
799624034002403328,@realDonaldTrump SHOW US YOUR TAXES. KEEP YOUR CHILDREN OUT OF THE WHITE HOUSE FAGGOT
799503259044089856,@nathanrangel23 @tc_cx fr bro tommy go back to middle school you faggot
799688630474260480,@realDonaldTrump GO FUCK YOURSELF YOU RACIST HOMOPHOBIC SEXIST MISOGYNISTIC ABILIST CUNTY RETARDED NIGGER FAGGOT
799876954748960768,@DawsonBarrett2 shut up you faggot he deserves to be detained
800260200867524612,@DezilvaMulan You are not supposed to say faggot.  Be accepting of all types of people.All these are on the internet forever for future view
705894690101587968,@CGTOffical dude your a faggot
705768563148267520,@Turrrrrrrry you better not faggot that's stupid
706228917393207297,@DaddyOnlinee can you not read faggot. She has a daddy and it's me now back the fuck off
706059488474722304,@Mackstricklen LOL like UVE seen one in ur life anyways faggot.Dude you couldn't get laid if ur a bed faggot lol haha
706163515623673856,@ayyye_malia then take off the tags lol you look like a faggot #sns
706292721145634816,"@timjacobwise Faggot, Faggot, Faggot, Faggot, You Are A Faggot."
706277965580136448,@YeahYeahUtah no. You are literally just in to prove that faggot wrong. You dont actually get to do anything.
706836974028595201,@swallowship56 you a flamingo which mean you a fish which mean you gay which means you a faggot
706945061246742528,@_SuckMyFINGER you corny faggot
706727049696645120,@nvtes_ my friend Michael called you a faggot
706902208038760452,@celestuya ill cream all over your salad faggot
707356560197099520,@Amandip_S nah if someones a faggot you tell em xo i.e. aman youre a faggot
707389401622581248,@TheMikeyP_ you better play your game faggot
709508393355112448,@Notoriousx0113 @OMGitsAliA David your a faggot
709760609458368512,@kykylxxx @zquadkingzayn aren't you the one who sended the faggot pic?
710139711616983040,@khatlooo im not ur faggot
710211014793555969,@Val_Artists why u taggin urself faggot
709970903459864576,@Bryanlikescats shut up bryan üòÇüòÇ b4 i expose u faggot
709991845623947264,@Cutcomms I'm gonna go kill myself. See you tomorrow nigger faggot
710275271526453248,@Chrissneaks1 you forgot faggot
710309102765928448,@Kelownaguy95 In SA u get your head chopped off &amp; your family pays a fine. In Alberta some a-hole may call u a faggot. Drop ur disingenuity.
710546378728931329,@TrippyFoez300 I have a surprise for you on Friday faggot
710279960724951040,@minusthebeer what you the fuck are you saying you faggot
710933814974025729,@Derpxn @TuArrogant nigga its RADAR WE DONT PLAY RADAR YOU FUCKING FAGGOT
710779380713172994,@YVKXZ Yessss. You got problem with a faggot?
710933047433170945,@Steven_1ambert you are asking to get your ass absolutely beat you faggot
711088056317644800,@kelseywalsh13 @marcc_estrada not you faggot
711026374899671040,@Junksmackk @Dictionn @iSoTurbo you are such a faggot kys.
711580106905489408,@xPRSM @Ruinlistic @Snipers_Unity @Senpai_M8 @Vehxy your a fucking faggot
711749766498164736,"@Twinge_ im sure she doesnt not like you because you defend her. Yeah ""faggot"" can do that."
711717885585047553,@c_copa19 when u wanna booty pic I'm gonna send you that emoji faggot
712328479778410498,@kingTNB100 you a fucking faggot yo. I hope you get raped in jail since rape is cool to you fucking bitch ass nigga
712105028241268736,@_salaz11 stfu faggot
712352039188221953,@tezilya You are a goddamn stupid liberal muslim faggot and honestly you should fucking kill yourself.
712217657869783040,"@Wolfiedoggy @JaredWyand where the hell do you get off calling me a faggot, how the hell is using DONALD TRUMP not POLITICAL"
712514786588753920,@Dylan_Tandrews1 are you done being a faggot now?
712905725085884417,@nolansherwood10 this gonna be your son you faggot  https://t.co/XnYC2ofIwl
713088009508425728,@TacoFetus @realDonaldTrump HE WILL FUCKING RUIN AMERICA YOU INBRED BRAINWASHED FAGGOT
713497558140731400,@OBJ_3 shut your faggot ass up boy
713498875168948224,@JoJoIsPapi @Runnaah See Jaki ur a faggot
713344562522144768,@GoOnQuikk Oh god you really are mad... See ya faggot!
713700340164591617,"@AlexGleave7 happy birthday you pikey, you're a faggot, have a shit dayüòòx https://t.co/uFYVzZXY46"
713776131212648450,@Kosmoci you shut your faggot mouth
713867776759357441,@kane_tingle10 bitching it cause I bang you faggot
714083007481688065,@zMagiks you was being a faggot to lakso
714166016964747265,"@AssignedMale You should kill yourself you fucking faggot. All I see is ""I want to be a unique snowflake"". Also, you're a guy. Faggot."
714115836303306752,@urfavhoodshawty imma be the first to say happy birthday you fucking faggot üéâ‚ù§Ô∏è
714497396340862978,"@madridswhite ""I thought I was a fucking faggot"" ""Yes you are but you're bisexual"""
714329443800625152,@TheReal__V you getting blocked faggot
714303774672551936,@based_bigzach much love to you as well faggot
714298770855317504,@thatwillisdude @lovely_kaybee clearly you didn't see our bet faggot
714812711503273984,@FifnIsForNobody @HammerOfThorium @End_of_Europe KKK approves of this message you faggot.
714906278049386496,@thagirlsabine stfu go cry suicidal faggot
714828775712813056,@TmarTn kill your self you faggot
715141859509739521,@HelloImTabitha you sat outside for 6 minutes Faggot üòπüòπ
715315184944955392,@G2ScreaM_ wow your a lil faggot
715311464584765440,@MisterMetokur why arent you streaming now faggot?
694267357963882496,@CurryForMVP YOU FATHERLESS CUNT!!!! BLOCK ME YOU FUCKING FAGGOT!!! HOW MUCH GIRLS HAVE YOU BLOCKED YOU SEXIST MOTHERFUCKER?
694174315714068480,@amanda_penn12 text me back you faggot
693962457245679622,@St6cks Why'd you delete me faggot
694146159355383808,@hendoKR @FastFeet_ fuk up faggot I'll end UR online gaming CAREER
693986251544760320,@UltimateKing25 follow me u faggot
694242297001586688,@taylor_vu you faggot
694626239395545093,"@pyroalt Just played with you on a surf map with Myth, what a faggot"
694344000493490176,@BradysRings nah makes you look like a faggot
694995325552062464,@evasucc i miss ya faggot. how u doing?
694704744191758336,@paandaz Respond if you think LEON (FatAss) is a faggot
694738764170555393,@JulieAnnG35 @NoahCMechling mija...... ugh ur a faggot lmao ily
695104658474471424,@Zachs_A_Million @SportsCenter you're a Cowboys fan you automatically are a faggot
695474348631703552,@disembe u r such a deranged immature faggot .your nefarious motive is to create a wedge btwn KIKUYUS n luos which u've failed.#shenziwewe
695426554550046720,@RandySmokesPot why'd you change your @ name faggot
695426579703304193,@AylaaMiftari your a faggot
695905753782161408,@J0k3rd34tH @PandasRKillers @FashyNeko give me your best insult bro. Faggot doesn't sting like it does for you
696075170096791552,@PurPAcrux YOUR A FAGGOT
696215456982630400,@JuddApatow how you criticizing bill cosby when ur best friend forever molested her sister? Get off his dick you faggot
696398672574058496,@rihslaysurfav what's his @ you little faggot
696406809536557056,@TheDuckySoul thank you faggot
696568453797388288,@Thomas_A_Moore hmm I mean A. That's your opinion B. You're a fuckin faggot if you wear a dress  C. Go suck a dick random twitter thing.
696631204796370944,@ReLiC71 why are you such a faggot?
696511490988380160,@Timmenycricket5 you have me faggot
697152158320500737,"@LeafyIsHere You dont say pece pece when you finish a video anymore, kill yourself faggot. Unsubbed and flagged"
697182462183673856,@mattharringtonz U liked ur own tweet faggot
696928866170961920,@BestProAdvice @classifiedfact show your work faggot
697513791198724096,@clzrfgt about to fuck your ass faggot
697649015555383301,@BMXKID497 Your a faggot https://t.co/8bKUEPZ7La
697885280733433856,@Arc_Osiris aight peace you fucking triple chinned faggot
697641243547955204,@ReguLetor you understand that your getting banned right. Lmao GG faggot
697610088236732416,@MLPTweetAnon Happy birthday you anonymous faggot. Hugs and horse pussy. &lt;3
697910261974437889,@ConorPRooney @CharmOliwia m8 why do you have a faggot as your profile picture
698025802470813696,@seanwithoutyou come kill me you little scene kid faggot I've only met u girl once quit fucking tripping you junkie
697978838861553664,@6ixNate why couldn't you just take the compliment faggot
698251133064757249,@amazingatheist @TheBrixxi Euw you faggot you kiss girls?
698258615728259073,@Kuhntrol  A not an you uneducated fluffy cunt .. Faggot lmao will see when you run from the barracks you wont lady 2 minutes
697934123390935042,@6yzzy watch your fucking mouth you faggot
698394720863678464,@connorharroun your a faggot
698968887560433664,@NoLaughingMata listen here you little Jinamon faggot nabbing little cunt
698768194295599104,"@xCrysiss @hr5ty cunt do you know him irl? Or are you just a straight faggot, faggot"
699162551163052032,@ChaseJamesDale bet you won't faggot
699323813763256321,@_SALAVERRI_ Ironically John Cleese speaks out against #WhiteGenocide you dumb faggot cuck. Spanish retard or troll account.. hard to tell
699353576515174401,@DougSabbag You keep spouting same shit when we all know you mussies are vile paedos and rapists. Prove otherwise faggot
699350598567796738,@wampst3r is that all you have to say you little faggot?
699040182331379713,@Kinggg_cam you faggot your grilfriend is a slut
699371066779693057,@JohnCaparulo @madflavor John ur an Unfunny Faggot. Flavor will destroy u in every aspect of the Game u lame motherfucker. The Church owns u
699477295925325824,@GoonCarlos like u? Faggot. Don't ever let me catch you tweeting again cunt.
699595621427187713,@kanyewest your a God? Im pretty sure Gods dont have wifes who suck donkey dick on the internet for money you fucking faggot
700067363169923072,@BoiBuzzum @Voqz you stink fucking faggot
700374319138996224,@Communisticism are you a faggot or something
700353196594741248,@Nicktron94 ur dead nan faggot
700454593898086400,@blackwell_03 you are a faggot
700172849936474112,@omar_chaaban22 @JeremyGrandison keep talking shit you fucking faggot
700384825853808641,@OnlyoneUniqueDJ üòÇüòÇüòÇüòÇüòÇ petty labelle. I love you faggot
700810354792730627,@alyssafm_ howw you faggot
701068694550503424,@NawRob bro you such a Twitter faggot
701034972325552128,@Ajlaaaax I'll stop when you stop being a faggot
701062222722654210,@realDonaldTrump @TrumpNewMedia ur a faggot
700968995919298561,@afzalkejriwal Free SOFTWARE Foundation. Does not cover Copywriting. Its upto an author whether it will be copyrighted or not. you faggot
701503698405609472,@keenan_ryan ty u reminded me to stop being a faggot
701916011038117893,@Al50k TANT- AYYYY MY NIGGA HAHAHA you a beast i love you but nigger u got me banned from csgo im going to sue ur ass u french faggot
701857559251124225,@RambyBambyy @EZG_Mayhem play me in a 3v3 so you can get ran you awful stunning no gunskill faggot
701864064608129024,@EmadDoItBetter sometimes I question if you a faggot üòë
701649114895949824,@JewyMarie let me follow u faggot
702277996267356161,@harry2363 @SneakerShouts change your profile picture right now you faggot
702948187334696961,@Kylesillygaming YOU BETTER GET ON XBOX YOU FAGGOT
702955422492332032,"@Vaxxings If we're the ""skids"" and you're some ""god"", then take back your own Twitter, faggot."
702654527326044160,@Tbcheese45 I fucking hate you you fucking faggot
702654942557839360,@LazUhhhBro @Igbtcurls exactly. It makes no sense at all for me to call you a faggot for like pussy so why should you call me that?
702925282227802112,@maxmoefoe why are you such a faggot?
702874355013914624,@karderrius @thatgrapejuice by who? by what? when? at the end it questions if its for the bus ride or tickets you illiterate faggot
703023793871060992,@jjswagaluciouss she loves me actually you little faggot üñïüèº
703072728778035201,@Zerfax ur actually a faggot
703090852373991424,@crisballs99Doe @Anthony14870542 i will fuck your ugly faggot ass up any day and the only person with balls in there mouth is your mom
703095566767562752,@NoLimitNica you low key a faggot but it's okay
839776957654945792,@safirahhh rain drop Drop top U an faggot got your dick chopped
839985083192922113,@GhostWolfGames @YouTube you are literally the biggest faggot on YouTube
839823476668055552,@mang866 you don't faggot
840493185398853633,@SRNNON also who you calling a faggot I'm a dyke lol get your slurs right dickhead
840435522107506689,@impactt0404 i bet you kiss girls faggot
840429826234277888,@Overrttt i see ur clit faggot
840970316834836482,@donavinyousif u faggot
840845762762231808,"@iGodTalent WTF is your bio.? Most cringest bio everüòÇüòÇ. ""Comp Cod God Pro"". Link me ur UMG FAGGOTüòÇüòÇüëÄ. Prolly take L's you fake ass wannabeüí©"
847225097827917830,@AlfieHeydrich I have 11 followers because twitter shoahs my accounts you FUCKING JEW MORON FAGGOT. I WILL BEAT YOUR ASS IF YOURE IN COLS OH
847383197948104705,@Exmotions you loose faggot
847243003299102722,@kibblesmith nobody wants to see your piece of shit depiction of a black man with a white faggot...how dare you perpetuate that nonsense!
847879971293077505,@politicalpotato you communist faggot https://t.co/kkZJSxqLMa
847757099144593412,@ODS_Twatter They were some of your best videos faggot
737512116979040256,@justin_galvan @Jr5565 üòÇüòÇüòÇaight just letting u know wats up so don't be talking shit u faggotüòÇüòè
737670837856264193,@KEEMSTAR you are nigger faggot
737775796106989568,"@TITO_MHope @Rosenbergradio wrong again, being that your from new jersey that is clearly not a subway train, you wanna-be New Yorker faggot"
737467506361782272,"@BoomanLames Like i said, you wouldn't say that to JD, you'd laugh when he says it. Faggot."
737723212109254658,@judge_hutto then meet me somewhere you faggot quit telling me to come to you.
738341930677964800,@Paul7137 oh heeelll no you white ass Bitch just raped im gonna fucking rip your dickk offen faggot
738378010076778498,"@RepAdamSchiff @latimes are you ""deeply saddened""? What a fucking faggot"
738858174011346945,@BFairthorne oh shut up you rotund little faggot. You've been laughed off of here before for this shit
738808672814436352,"@LucidBrews thought you said "" and the kid who snipes on top of trickshot"" fucking faggot"
738622198286409729,@FriendlyAssh0le fuck you faggot
738881850869850113,@AlexGarbus what a fucking loser you look nothing like frank kill yourself immediately faggot you are the most cringy piece of shit on earth
739544315995824129,"@JoshWoogs @Oldfirmfacts1 yes old firm bought followers but ""josh"" you are one of the biggest retweet whores on here, fuckingg faggot"
739498140907098113,@ehAannysa HAHAHAH living my life as a bboy now üòé miss dancing for you too faggot üòò
739292666156847104,@TheMacLyons I picked Malkin first u faggot
739457649100492800,@BonsuDon dawg I'm the only person in the world who calls u faggot
739863867447074817,@JenGalang23 OMFG YOU BITCH YOU ISED WORSE PICTURES THEN JEL DID HAHA BUT THANN YOU FAGGOT I LOVE YOU MUCH MUCH ‚ù§Ô∏èüíïüéäüéâ
739687194982391809,@AzizMcFly @PixelGun3D fuck you faggot
739844703655460864,@owen_georgie we  already knew you were a faggot Georgie
740349165205479424,@BillKristol @SpeakerRyan @SenJohnMcCain @Ricky_Vaughn99   what if you stopped being a faggot for 5 minutes?
740650299430477824,@KEEMSTAR @MikadoTheDr keemstar you faggot you little hor fuck you slag
740989891266392064,@TheRandomNeo Why dont you tell us what the hype is for...faggot
741035135223631873,@GodMostDominant I can't understand why the fuck you had the audacity to even say shit about me? Like did I catch your eye faggot?
740783107872264192,"@SvntysHV perfect reason. You're garbage, you think you're the shit, you talk a lot of crap. So I thought hey let's call this faggot out :)"
740730301593358336,@zacharyhoeler you just never rely on me faggot
740720470157320193,@ajgriff__941 no but your Avi makes you look like a faggot
741132845733842945,@WheelerJaylen nigga your the faggotüòë
741311103670554626,@Rgk007 and the idiot mentions Kanu! KANU!! Go on and worship him faggot. You can never be quarter the man he is.
741061068617846784,@schmidy20 so u wish u were a faggot
741222276700483584,@AnthonyCumia Are you laying UNDER a blanket in the fucking summer? What are you? A fucking faggot?
741515743762649088,@Money23Green ur a bitch shut up gay ass faggot
741460479596466176,@RealTristan13 you suck dick you long as faggot
741565899212263424,@billbolton98 happy birthday you little faggot
741720518055825408,@MONEY__LINGO @IOwn_HisHeart &amp; again faggot you look like you confused
742042401544507392,@SawxUtero kyle you faggot you need to jump on mw2üòè
742141949155540992,@OVLScotsman You're a fucking white walker you pipe down faggot
742109892056645632,@RaySanityy naa I don't fight faggot lol your mother wouldn't like me then but you wrong lol that's two vids he had 3 tds  !! GOODBYE BITCH
742447361574588416,@srprs_bttscks you were going for faggot we got it
742763297506623490,@MAksham you little Faggot I might have to report you for spam. üòë
742562621065469952,@KEEMSTAR @bb1000000000000 yeah you didn't do anything to deserve this at all. Lol jk nigger faggot
742739696170729472,@adamboosh kill urself you furry faggot
742589124851294208,"@DVGavet ""that's so gay"" ""you're a faggot"" üëäüèΩ stay in school if your vocab list is limited."
742876602443255809,@zillion0607 why do you keep @'ing me faggot
742937096894218240,@iDntWearCondoms get off of Twitter you lazy bitch and get a life faggot
743198209099468800,@Nokkenbuer @fancythedrvmmer you ignorant faggot. How in TF an alligator life is more important then a 2 year old kid? You sound stupid AF..
743343285863747584,"@iamani24 @Karimy_Screamy @NavedAliOrg @Indr47872891 @haaretzcom moron, transgender isnt faggot. Ur schooling must b jewish!"
743475347727867904,@aleeexcarranza fuck you faggot
743607237621481472,@gyabou fuck you faggot
743886796384243712,"@AndrewAtter @Seanbeandood @timeforgravy @Bikeyjezmo @Nigel_Farage @simon_lindsell @AltRightInfo Fuck you too, Jewed faggot"
743651139405647872,@VictorS83 stfu faggot.
743796002277179393,@stephenasmith good morning faggot lebron dick still in ya mouth or you swollowed it ? I'll pray for ya hairline &amp; ya ugly ass family if so
743841581761966080,"@DeandreBryan you, faggot. You aren't queen of the Internet."
743630109177851905,@Hiroyukichige Why do you have to worry about what other guys are working out in? Are you a faggot?
744153382143823872,@BrennanPeltz you quan like a faggot üíØ
744065083643469824,@AkiraaOfficial ohh lord you starting to sound like a liberal faggot
744242863442124800,@JakeKofoid boy.. I will fuck you and your faggot ass brother up.. But thanks buddy
744422648059428864,@MVPredict get back on and link me ur team faggot
744349788817203200,@skenz9 u faggot
744673211607040001,@RavioliRyol stop hating on my designs faggot everyone know s about the Range Rover as I told them bitch you always hating
744442889766375424,@Jvmzie YOU HAVE DROPPED ALL OF YOUR GREE GREES YOU FUCKING FAGGOT
744535973967564800,@Dxhty why are you such a massive nonce faggot?
744658871264780288,@bryton666_ but hey hey it's all good bruh I make money sitting on my ass while you beg for it. But you fucked your friends so stfu u faggot
744591380723294209,@duhhhlani its fnny I caught u lying so now your done with me lol I punked your faggot ass girlfriend Tyler perry
744476997863235584,@dylzfam u turned 10 today faggot
744971468547624964,@davidc0041 @ComedyForNiggas your favorites show up on your profile too faggot
744780497687973888,"@RyanPotato @KEEMSTAR Stop Talking to Yourself Little Fucking 9 Year Old, Bet You Googled that just to look like a faggot, Lmao Look At Ur"
744912387577372672,@catchan___ so? You fucking faggot that's still cp
744796402509709312,@Fucboimoi you a faggot üòÇüòÇüíÄ
745122216036044800,@DylanEnvoy you're about to get fucking blocked you fucking faggot
745734651533221888,@annettejwallace but then people will be like ugh you faggot
745747033135284228,@IsmellbigFARTS fuck you faggot
746070703376523272,@LeafyIsHere your a faggot scrub lord Calvin................Jk you is cool
745867841640009728,"@smithas99 shave it all off faggot, and your eyebrows"
746413243783127040,"@DenhartQPR Shut the fuck up you little fuckboy faggot, one of those people that says ""Immigrants take my job"" drink bleach you fucking twat"
746396831454625792,@VintageAntoine I only followed u because everyone called you a faggot and they were right
746166102821003265,@Scarcitys ur an faggot
746525013608640512,@MLGSynthetics @theScoreLoL You fucking faggot. Suck my dick.
746641917237137408,@VibhavGupta11 gaali jisko dera hai bro you been hanging out with that faggot again lately?
746749056542617600,"@MisterMetokur So glad you're back, faggot. Did you get over whatever shit triggered you this time? :-P"
746531443451494401,@northernsteel12 you are such a faggot
746630718424481792,@Kur6ma @edgyhandle @2dThighs shutup faggot you probably this it's tsunade
747087100676349953,@MellowMischief @Kxtaclysm cos ur a faggot yeah
746897820116934657,@PoodleCorp your a faggot dude why hack him?
746911556437368832,@Rich_LegacyYT Hurry up and sign up for GB's you take forever. Faggot
746884884874960898,"@_NellyBurns @aaugusttalsinaa nigga you a faggot. You ""get off my man"" headass nigga. You swallow his nut too. Its funny y'all both ""single"""
747244114446589952,@mikeperlstein1 @AnthonyScotto2 what a faggot u are
747828137719799809,@RubioJorge_ stop with your gifs faggot
747761628645593088,"@14crown466 can you fuck off, die faggot."
747861822183718912,@NickTheBullsFan you called my boy @HeatNation2K fan a faggot and that is a gay slur
747881162119356416,@CallMeTainted @imsoohyung @grungeneration @Pandobra @DelZ_3 can u please just explain it to me u actual literal faggot
747662961817325568,@SheaSerrano jesus christ you are a faggot
747816309753286656,@taylor_miller23 thank you faggot ‚ù§Ô∏è love u
748257475053268992,@Ogmas_ does that offend you faggot
748298889632059393,@KEEMSTAR nice script in your video faggot
748299501996146688,@jacobsartorius you really are a fucking faggot smh
748058681816784896,@__DanRobinson happy birthday you faggot x
748194208184295424,@SwagCraft99 lmao how about you fucki faggot how many time you fucking came back and leave
747981062035365888,@TucciWayUp @LordeLeem lol na you faggot you care
748171684776124417,@VeyGraphics @ConfettiPixie @Nero @TheDonsShadow @NorBdelta It's only gay if your balls touch. Go for it faggot.
771456707369328641,@jung_kookkiie It's too late. Learn from your past. Don't go back. Faggot
771136182814142466,@PoodleCorp @EA @Battlefield Fuckoff little faggot pussies. Grow a pair of nuts and get out of our parents basements.
771432107755249664,@vivalavulgar u done or u finished? I'm gone let that tweet bout my son slide.. Don't be disrespectful faggot.. Ok?
771754440026128384,@EXPLODlNGTACOS you're so cool   nah jk STFU faggot
771873344345878528,@onikasedges you stfu loose booty faggot
771895364446253056,@seguebro love you faggot
772110267995987970,"@KWZiggybakagain @TomsAllende yeah, he cant insult you on terms of sexuality, he hasnt, hes insulting you for acting like a faggot."
772171244800278528,@Crestfxlling ur trash faggot
772174243702317056,@weitrin its clearly irony you short faggot
772533603284635648,@Clayster stfu you faggot you lost fair and square
772312160818999296,@YoungMarc12 you a faggot
772646711080525824,"@KingLogann: ""you like girls don't you faggot"""
772693502761193472,@Guxsy I havnt been in a team for 2 weeks trying to get my rep back..You are just a little immature faggot with an ego that needs to grow up
772943365822308352,@adamoverboard @GarrettHuls lol being a faggot has nothing do with you being gay. I think you're making it a gay/straight issue.
772677857998958592,@NerdyHero_ Man up you little faggot
773205962815598593,@amerizalde97 @JonKwestel ur such a faggot Alejandro
773224581309960194,@FarmerVicious @Jistys @Verrsn George Adaras cunt who are u homosexual faggot
773635304364380160,@daddio_co wow! Now your using me to get friends. Your such a faggot. X
773624755677229056,@MartinezMagics I am so you little faggot!!!üò§
773534934644338688,@tonybarraco12 fuck you. I'm up super early so I can work a morning shift and hangout with your faggot ass tonight üòÇüòÇ
773712194324221952,@kwonjiyonged @suqamon You literally stan criminals. didnt daesung killed someone by car? Lmao faggot
773744326908141569,"@brandon_plazola can you please stop being a faggot, faggot"
774050741778419712,@TeddyRecKs @Bekatsa_ @Ownxge ur a faggot
774179146188464128,@DeepSoles your a fucking whore and we prey apon that pussy you faggot
774476832720715776,"@holy_fervor same to you, you faggot :^P"
774717992600993793,@tedwhufc Nortons a raging faggot üòÇüòÇüòÇ Carr top top class u look past the gayness
774971051755307008,@ZachGoesGaming ur a faggot
774929402333245440,@FilthyFrank @YouTube liked your own video faggot
774883583743840256,"@kim_tadia Mind your own tweets Bakla. If you don't want our statements then don't bother giving us your sentiments. Just shut up, Faggot!"
775120780040384512,@theIifeofpabIo you faggot
774798066075303936,"@bjsaunders_  faggot!stay behind your words gypsy dumb ""Golovkin would destroy me and you in the same night""! lmfao"
775138211542790149,@Banana11Crazy @PeckishPenguin Well then shut the fuck up you ugly cock munching faggot
775173938640932864,@lordfuggles @penuslicer ill fuck you in the ass faggot
775773573118103553,@longestyehboy i dont miss you at all you faggot i slept on the floor for you
775501480207998977,@_RozayBby hell out my mentions if you support that faggot lmao
775534241908162560,@DopamineAf @DoucheyIsHere YOU WANNA FUCKIN SQUARE UP FAGGOT
775611014486171648,@L7_Mercy your superior faggot now get your 2box on
775911708330254340,"@chorongdongg ""flaming faggot"" omfg lol. You should be happy cause https://t.co/65b6hSlcwG"
776135730271772672,@fishhunt99  hell no your the girl we decided that because you got beat up by a faggot ass scooter pussy jack
776132907526000640,@alistaysg0ld u r faggot
775924379288936452,@eRaCrest you'll see your parents there you fucking faggot
776503281338224645,@SpringTrapGhost @XboxSupport they banned u because ur a furry little faggot
776228978042429440,@D_Bravoo because you unfollowed me faggot ass nigga
776394724353667072,@sam_is_blessed yeah I see that's why you spelled faggot wrong
776846744500011008,@RadiantNaido sick your mum you epileptic faggot
776574345414004736,@CaptainMiranda_ @LaziestCanine Delete your account if you cant even understand simple memes faggot
776678884246888449,@shaka_671 @TcklemeMajestie I think she just called you a faggot
776755598075584513,@MacchiA_98 you piece of faggot have to tweet your first tweet
777052584167280640,@MistahShark im doing it rn step up your game faggot
777593057978028032,@SawVxr your a faggot
777392767379054594,@roedsadi33 you a dick riding faggot you love the attention
777689715730296832,@ClubbingSealCub @RenektonBot fuk u faggot you don't understand fashion
777892304791015425,"@Trumpnado2016 @BuzzFeedAndrew Relax faggot, it's a joke. Go play with your butt plugs or something."
778375090178174976,"@altrightsperg Faggot dude, no matter what you will never be American or represent anyone in the U.S. or the continent, not even whites."
778243107980582912,@Blyzhs Ill push you into a locker faggot https://t.co/gsBQQt3J9F
778703932000309249,@ovoxo1118 you look like a faggot
778407839270211585,@KostaGourdeas you are such a faggot
778457277552467969,@MalePocahontas cop was a nigger you stupid faggot
778457583728197633,@R0SS_DF Ima eat your ass faggot
778445520909983744,@dabulls629 Abso not god you wouldn't understand how much of FAGGOT u will look riding that then when you your helmet on lol
778697397257908225,@StannisVI @AdolphHarambe @80o_o07 @D4rkotje1 @FemaBand You misspelled 'faggot'.
778712798758965249,@touchdalight Rather hear that than your gay annoying faggot voice and accent. Grow a pair nancy boy and man up for once. Scumbag
779063979436105729,@fouttyk @naterose30 miss you faggot
778882106038554625,@Sam_Edward1 u in work the day or you too hungover faggot pants
779260906211463168,"@LosPollosTV what are you gay? Sup with the winky face you faggot.   Obvious trolling, anybody get butt hurt deal with it soft cunts"
779756119271043072,@zCynda why you appearing off faggot
779570387130744832,"@Sonichu1 This means I can haunt your mentions. Sonichu is a massive faggot. He loves jews, feminism, and dindus."
779846342961205248,@TescoValued @yPlexyy I'm sorry do I know you fuckk off you Faggot just another wannabe on my block list
780520879298121728,"@Double4anime @JamesHanson94 it's you're, learn to spell you narutard faggot"
780210412746842113,@Thetylerschultz I was looking for this you faggot
780221456353460225,@absentdom @yert43 erick - idk u well but fuck who's the real faggot smh
781244224767483905,@aidan79th HACKING UP A LIE AND CLOWN HIM FOR IT LMAO TIM YOU FAGGOT EDATER
781436000962621440,@BhuyashiBaidya1 oh yeah also don't use faggot if you don't know what it is! I'm in India too so if you use it again I'll report it to...
781336851802103817,"@KyleKulinski Hey faggot, are you going to cover the liberal lie that Hillary won the debate? You know what the early (REAL) polls said."
781540791432785920,@mXeZx stfu faggot
782005662926577665,@RedEbans did you give fucking cuts to his arm you depressed faggot
781929699899482112,"@RealTrillBill @SportsCenter that was hilarious, we're all laughing so hard. I promise, you definitely aren't a faggot"
782000998843686913,@Pass_theMike you a fucking faggot bruhüòí this why I don't come thru w tha woods smh
826642398218481664,@_kyle8wilson_ my bday weekend you faggot
826717325269233664,"@BIartisan You get cancer Faggot, you failure of a spermcell remastered"
826639701276700672,@DunnDunn__ don't talk about shit you weren't there for faggot fuck -turner
826892148041711616,@ZachaliciousCS @TeamFearlicious your @ ends with cs but ur avi mc oh boy oh boy do we got a faggot here
826586102236590081,@Pontifex You communist faggot. You don't deserve to be called servant of Christ. https://t.co/59HaUPi7Wu
827123589749014528,@HillaryClinton @SenSanders @BarackObama will you #DisavowBerkeley?  Will u defend a Jew faggot immigrant's right to free speech?
827034687247822849,@IsmaelCampa69 It's 2017 we shouldn't be using those words anymore you prejudice faggot
827017461274918914,@WHlTEIV3RSON @ChaBoiSlayerz @PurgeAF @Foxman0004 @DaquanHapp not sad you need to stay off twitter and relax in your wheelchair old faggot
827051124729446400,@laurynisradical it's a fucking joke faggot besides backing up tana is not good for your reputation
827468135041097729,@DefineDamo your fucning terrible faggot
827604894521626625,@userunknown2020 @LPNational this is where you suck it faggot....not a man?...then a whore...not a woman?...then a freak
828417851300204544,@JoshCooper_97 @kurlykyyla @coachella6ix @KyleLcfc @Alibob98 don't lie because your on twitter you faggot..
828453226055872512,@ChaseMit HAHAHAHAHAHAHAHAHA WHITE PEOPLE WIN AGAIN YOU CUCKED PIECE OF SHIT GARBAGE FAGGOT JEW LOVING MOTHERFUCKER AHHAHHAHAHAHA
828704028641075201,"@badhandwritingg unfortunately hypocrisy goes both ways, you don't really get to claim that after you send me faggot memes fam."
828399077595500544,@JTomaiko you must be a faggot
828444522858348547,@NiggaCommentary where my money at u fuck ass faggot
828561774622425088,"@hackerous @_kkk_hitler you're a cool guy, just stop being a faggot, sort your shit and stop being needy"
829738356602974209,@sanctusmangoh why are you such a fucking faggot
829584798913945600,@gun you're an embarrassment to our nations military you faggot
829828903212613632,@Mxnning YOU GOT MY FUCKING NECK U FAGGOT
830010126534782976,@RealRobinWright If liking you makes me a faggot then I'm a faggot.
829994108479557632,@realDonaldTrump ur a fucking bitch.  Ur a broke faggot.  Go suck vlads cock fuck boy
830398628111982594,"@KingCapitalKyle that's disrespectful but you just called him a ""faggot"" ü§î"
830662164629352449,@BoyThatRant all you do is copy other people's shit faggot
830757182379536384,@meti_97 I just wanted to tell you that you're a faggot https://t.co/JdQHXhFmAC
830589351516008448,@burtz_james @NancyPelosi  Don't call another man named like that unless it's to his face tough guy. I would smack you like a bitch faggot l
831175614568681473,"@SixiAtax lol don't be a faggot, it's not like Japanese xenophobia keeps baka gaijin waitu piggu away, that only works on others"
831009268459503619,"@FaZeJev you know what faggot kys u piece of shit human jk love u, u deserve the day off‚ù§Ô∏è jk again kill yourself bitch"
830946077058670593,@seezusthekid you ain't got to worry about me no more faggot ‚úåüèæ
831162633168515075,@Dontcancel_dr @tyler_je27 who are you faggot
831568167843540992,@quartzarmy @CSGODAREcom lol you are so not cool And your a scumbag to that isnt legit you stupid faggot.
831434587649646592,"@stevenphillip @Montgomery_bjm @MMFlint GO FUCK YOURSELF STEVEN, NOTICE THAT YOU MICHAEL MOORE DICK SUCKIN FAGGOT!"
831990924326625280,@tylerthecreator Where you at with my next album faggot
831716927240339456,"@DallasCharger you look slimmer, take my compliment faggot"
831704071669166081,@memetwalker faggot - enough with the selfies you look like a NYC Queer.
832119739786919936,@SynergySZ u are a fuckng faggot piece of shit and are honestly just a waste of skin ur skin would be more useful if a starving child ate it
832203818796449793,@Obey_RoRo you better read this shit over faggot. üòï
832634997454483458,@Kxtysmantra @truebluedeluxe literally stfu girl artpop sold well and born this way is successful u faggot
832404189116452864,@VysuaLs aPPARENTLY YOU NEED YOUR EARS CHECKED FAGGOT
832477274838491137,"@TmarTn @KEEMSTAR  stfu faggot, don't you have some kids to scam? Fucking pussy!"
832615959504384001,@Dehornd are you done revising LTCorbis faggot?
833053291189788672,@jayvonbrit @TheRevAl Your Son is a Retarded faggot like his Cowardly Daddy
833087252490289153,@ytful what are you a faggot
832793013684301824,@SheriffClarke fuck that shit..!! GET YOUR FAGGOT ASS BACK TO MILWAUKEE AND CLEAN UP THAT SHIT !!!   GO TRUMP !!!
832993987959087104,"@BilwasMan @pc12aviator @katman2424 your deflections, egg avatar and unrelated points warrant such responses. I stand by them faggot"
833149042989244416,@akaCozmo fuck you faggot
833166533224390656,@ThePhenocity omg fuck you faggot
833333688830025729,"@_pennycillin it says  ""Traps are fvcking gay you faggot""  actually it generates a buzzing low frequency sound"
833161227433971713,@wuhfy @unmigrate @crestfailure @charging @GRETADARKE it's because i said nigger faggot multiple times you fricker
833378920200302592,@AryanTimsina @Hassan_1092 coz you can't get in it faggot
833588778002423809,@21savage your a faggot and you suck at 2k
833715664066060289,@DankyyTheGoat this is why you get emotional cause you lost 10 dollars and you roasted gunna and then got offline and cried faggot
834105285581094912,@Idubbbz you faggot
834248969823744000,"@BradGalli most rational fans want us to lose, you faggot ass fanboy"
834792950089580545,@CCalIum @TezYSND it wasn't me you faggot
834849933895294976,@lREECEE dont use that word you fat faggot?
834642051597795328,@KanyeGoat you are one hell of a faggot mate üôèüèΩ
726478442498121729,@Isaiah96__  Tweet me now you faggot
726526848960716800,@Rxpidd no your Just an utter faggot get off the game
726625708705902592,@CeoilEika_Bot stop being such a faggot and gimme that stash of vodka you've hidden in your bra.
727191172171583489,@PrattRandall ur a faggot https://t.co/PxyG3mb9pQ
727279881717841923,@Constantine_72 @LD2K your a faggot stop crying about cheesing learn how to play some d fence you pussy
727478943369015296,"@Nero I will name my dog Milo, because when he makes me angry, so I can call him ""come here you little faggot""."
727511566686519296,@PraiseTshuma44 @aeronfitzgerald you know what i meant faggot
727902840702832641,"@UrbanEngIish You know this tweet stolen. She 47, Faggot."
727984063403819008,@OfficialMonroe5 why would you want another man eating your dick? üí§ faggot
727667250841436160,@Mr_Marebear yeah wait till I hit you off faggot
727935350748876800,"@DVO__  to drink u faggot, u must be waiting for me to do that so u can go smack"
727993173440614400,"@___dkmjr @doriannnnn_ excuse me, you don't know which ""faggot"" now? https://t.co/Ev2t9oJ6d6"
728060001281957888,@brianself6 I love you too faggot
728287655507599361,@Jedi_FUBAR I think you need to find a gay Dom and stop pretending you're anything other than a faggot craving to be used
728175906657800192,"@Every_RSN @Indissoluble_rs @rs_satanic Did you know, You're a faggot ~Jay's Twitter NsBot socei"
728316319389630465,@KEEMSTAR Why you block my @moddingiskey twitter account you are such a pussy faggot you are salty because I roasted you  SAa
728189726901960705,@JackiesPussyy dude get this shit of your being a faggot think of how u would feel if a pic of ur dick got posted everywhere
728135926556188672,"@YolandaAwad4776 Thanks for da Follow, Baby! YOU can DM dis here whiteboi faggot anytime you wants to!"
728058197743947777,@AaronRosen3 don't favorite my tweet you faggot
728331553110102016,@JoeySelby1 is it tho üëÄ you best not watch it without me faggot
728030255290720260,@alexxpanch ur brother went a vacation before you did faggot
728709493433962496,@DareJitzu hope you all get no tries fucking faggot
728590857545392129,@brayancolo8 nigga obviously  that's not me you faggot ass bitch ü§îü§î I have a girl friend why would I be gay smh y'all dumb af
728485865727627266,"@gracebartonx @lepi619 Careful Grace, he might call you a faggot too üòâüòÇ"
729040453408940032,@emmadamico_ stfu faggot
728986577549021189,@Campos26David you know you can't go months w/o meat inside faggot
729223752852987904,"@Beastn_ Lol what a faggot, no one cares, you suck anyways heho"
729480628828307460,@KYLO_CanYouGo @PeanutSuave @AyeeBee5 @LilBell_BALLIN nigga ur name name kylo wtf dweeb ass faggot
729762079184297984,@FilthyFrank UR A FAGGOT LOLOLOL
729616163559211010,@Areptesa my existence is a joke kill me is that what u wanted me to say go shiv urself faggot
729756735649529857,@KEEMSTAR FUCKING BLOCK ME YOU FAGGOT
729499343804227584,@Blvzer @zxyno yah you dick ride faggot
729638607271534592,@MajorTightpants Would you rather be called a faggot and something about your mum?
730150564038856705,@ThisQuicksand_ @LawsDF_ your a faggot too james
730175041963335680,"@AZEALIABANKS why are you so racist and homophobic? what good is it to use ""faggot"" as an insult?"
730040148969263104,@HNNAfrica Do not argue with an idiot. He will drag you down to his level and beat you with experience...U need help faggot
730179001403068416,"@AZEALIABANKS https://t.co/7KLr3pxv4A   that ""faggot"" can beat you in sales with one song , eek"
730471008860295168,@tomcarswell1 not comin Thai then u faggot
730381233952309248,@DropMySoap go to minecon then you faggot
730219770021175296,@LeafyIsHere I WANT YOU TO BEAR MY CHILDREN YOU SEXY FAGGOT
730774718421176321,"@lZionI @Skoogyy I don't know who you are, so fuck you faggot"
730928141829427200,"@BicWilkins @TFA_LordColt @hannah__stowe we win,you lose, deport off faggot"
731225597695934467,@KwabSiCC @TacoBellGawd Kwab eat my ass faggot. Are you ever gonna play a game on ps4 or do you just use it for Netflix or what?
731616779450105857,@LewisYoungg @HarryBulman so are you faggot
731553604859990016,@pewdiepie  dude you know malcom that fat FAGGOT... Well you can tell that he is freaking retarded. And you know what screw haters were best
731620340422590464,@AhmadHammam1 that's not my point you scum faggot
731600987891339264,@ItsJoko what are you a fucking faggot?
731514975290855424,@pyrocynical happy fuckin birthday you clickbait cancerous faggot
731684454557581312,@visionofextc Go worry about horse you ugly fat faggot
731864004314927105,"@fuckmedicineman also i never intended beef, i take no offense to you calling me a faggot, but i just wanted to know why you hated on the UG"
731712539612962816,@ocburnes don't you ever kick me out of that steam group again you fucking faggot
732258533115232256,@skyfawkz wouldnt doubt your opinion faggot
732281253668519936,"@EchoFireant @fennyflametail YOU EXPLICITLY SAID ""YES DO IT"" YOU FAGGOT"
732272856684355584,@boypls you stan that one faggot in makeup
732373264131981312,@vicenteocura you spelled faggot wrong. üëåüèº
732419275638644736,"@Ricky_Vaughn99 ""Spic"" - interesting choice of words, asshole. Would you like the opportunity to use that word IRL? Of course not - faggot."
732643532477861888,@Laffy_MF_Taffy You don't know your abuelo you fatherless faggot
732820192372330496,@DeepSoles @MAN_WITH_SXCRET you belong to us no matter what we say you agree to it like a good faggot bitch
733081870796132352,"@NoFxcksGivenn__ omfg nigga still on that, i'll talk to her tomorrow to get your faggot ass off my back."
732783450265161728,@Battlefieldtrip Becky knows I call her a faggot all the time :^) but seriously are you on meds
732947388860669952,@x508matt shut up and eat your chex mix. FAGGOT
732748528494092288,@Assassin_Derpy HA YOU WISH I WAS FAGGOTüòÇ
732982755215040513,@AngenetteG hey faggot I MISS you! Hope you and little Wrenlee our doing great!‚ù§Ô∏è
732941512640765952,@AliiceWalker @ me next time faggot  I told u   Read my first tweet  U probably didn't read it because you had your legs opened as ler
733129111267250176,@_icze4r @SuperNerdMike @PwnParrot &gt;When you make misogynist the Faggot of 2016
733712354416922625,@crvxl I'll end you with one tweet faggot
733674916021686272,"@DeMarreCarroll1 you're a faggot, you always bitching you gotta realise you suck and your team ass"
734160964568907776,@petitegodes dis u faggot https://t.co/vpyDEZdWq8
734434756163690496,@gizzydeee ur a faggot
734461914273611776,"@Zhambezi I'll grind on you faggot, hop off the hoe train bish"
734203742275407872,@RealSkipBayless I want you to average more than 1.4 faggot.
734431719483449344,@NelsonMokonyana WAS I A FAGGOT WHEN YOUR MAIN CHICK WAS JUMPIN IN MY DM ?LOL
734445795571826688,@Mentorz ur a faggot
734648191698776068,@uns0cialcunt_ I love you. You stupid faggot üòò
734600108180951040,@KingJames haha... grown ass man diving like that.  Your Momma probably hit you harder than that. Faggot. You will never be MJ.  J CROW
735244667868975105,"@AIexed engm - meme faggot, cancer patient, nah but seriously you a cool dude and you one of the few niggas i can trust"
734967378228842496,@Chepi_10 you are a straight faggot
734920259405119488,@R_Brookss delete your social media faggot
734950038993014784,"@aanniebbrown ""I can hear your heart beat... It says you're a faggot"""
735540609574830080,@linabby16 lmao you never hmu faggot
735317795559354370,@jacobsartorius you're being you really well...yea being a faggot
735556405327998977,@FoooerWhat @Janocrazed @ImAwkwardasf shut your faggot ass up and kys then
735306881963560960,@CHSommers @Nero Ironic don't you think that on your Dangerous Faggot Tour you are not the most dangerous faggot?
735327379539787777,@ImRobinAllure @KoalaCAWAccount Why is your name Faggot
735322614802092033,@el_zebras did you just call me a faggot?
735334870558334976,@YoungMalikOG that's gay you're demanding to watch me on periscope üòÇüòÇ that means yo faggot ass follow me like who are you kiddo?
735940515489812480,@jipbezemer @xA_Irwinx @DeEchteDani U fking faggot xD
735844197471686660,"@ray_r91 mere is gonna kill you for calling me that. But I love you too, dr. Faggot."
735964058118164480,@KEEMSTAR @RomanAtwood you keyed ur wife in face faggot
735923876698394624,@emily235lawson @Represent802 Emily you are such a faggot.
736222066530254848,@Torvesta @YouTube go take your donations instead faggot
736290588887244801,@impryzah and? are you not allowed to be a faggot in your stupid curryland pal xD
736395316434509824,"@CityBoiCoop ""Bruh you pie"" man please u the biggest hater on here... Get ya dick bangers ready to root for OKC or Golden State faggot..."
736490292271063040,"@Ki3ran95 eyyyy you're the faggot üòâ see you soon sweetie, I love you ‚ù§Ô∏è"
736350831675609088,@AlexGreenlaw fuck up u faggot
736628968527273984,@ohsnap_itsjavi I love you too faggot
737013422659866626,@babytaehs thanks faggot ur pretty sick too
736718663730896896,@Activision i hate you go die eat a dick faggot i wanna snap your neck and shove it up your tight assholes
737336094648213506,@LeafyIsHere morning you faggot
737323574646743041,@deadlxser @FilthyFrank i did it first tho and the Fucjifn HITLER you faggot ill disown you
737386002663116800,@LAZ138 im calling you RN faggot
715661047248453633,@Carrilllo_Jaime they're actually chicken strips get your shit right before you try to gas faggot
715642311280037893,@OnlyAfroGames git bent faggot I'm creating a 2005 era MySpace quiz on you too
716106356516917248,"@Doxedphobia Fucking kill yourself faggot, you are the scum of the internet."
716328776276316160,@ryguy998 oh wow you do that faggot üòÇüòÇüòá
716116053751779328,@kaydeeelephant he's your dad too faggot
716062521841594368,@Bankzytron @Skoogyy @ImVaks FUCK YOU FAGGOT
716286329907191808,@kuledud3 Good news! fuck you. Bad news you faggot.
716180947998089216,@vijethaaa you should be faggot
716100656461905925,@TeamMinajBoyz you got jokes faggot
716101067495354368,@LeafyIsHere finaley  u white cis male faggot
716599636018995201,@Naysea_ ive been around since cod4 you faggot
716527477204488192,@Sins_The_Sinner IM READY IM WAITING OUTSIDE YOUR DOOR FAGGOT
716596112807702528,@StarEnforcer_ FUCK YOU FUCKING FAGGOT YOU WANNA GO ILL EXPOSE YOU IN THE DMS
716688353937199104,@Grizly_eQ what you hit faggot
716440671905652737,"@deadassassin727 your a faggot, most men can be raped but most figure they just got laid so they don't complain like faggots"
716814187251499013,@Kaepernick7 Why'd you block me on Instagram faggot?
717342430463262721,@mgaspard71  Piss off puke!  Nice tat you liberal faggot
717412487927361540,@sharae___ y u ain't reply faggot
717754776700596226,@ogchingdawg PLEASE STOP MAKING IT LOOK LIKE I BOTHER U OTS CLEAR I AINT SAID NOTHING TO U ON HER VIA TEXT OR TELEPHONE U FAGGOT BITCH
717726494504710144,@Flyer_thanu2 this dude really flashing his plugs money. Bro if it's not 20k or more you look like a faggot posting pics
717601143552081920,@JoeJoeFine im gonna hunt you faggot
718111502255923201,@arsenalmad79 @SudiptoDas1993 if rating other guys is your thing. Faggot.
717914512586768384,@LatheyGarrett @JimSterling @TheEddieOutlaw thought you were going to bed. Go get some dick faggot
717962633840734208,@lyssssiee I got you faggot
718241957710061569,@JavionLarge @mentally_dead4 @BLoeckel yeah you faggot
718499076900192257,@payrollholli All I see is you being a faggot ass bitch on my TL üòÇ
718503711622971392,@pistachio675 did u also get number one faggot
718258747475419136,@toriiowens fuck what you think faggot
718688995018825729,@olivierpariss you are a fucking faggot
719278307280179201,@ComedyGamer Your a Faggot so Retweet: https://t.co/ZEtPiB5tIr
719352475170439168,@LeafyIsHere if you don't choose @Emmahdorable you're the biggest faggot to ever touch the face of the earth.
719670357267845120,@TheEzentrix stop spreading lies about me https://t.co/DdoqWok0iF https://t.co/JwUXgJeTmL i gg10ed u in a 2v1 u faggot ass
719488194467799040,@charlottetinney Happy Birthday you little faggot üòÄ
719747062699466752,@brinklebrother @FigFeels   &gt;fig feels  What are you a fucking emo faggot?
719952013199433728,"@rappingranny also you know the average wearer of one of these would be like ""WHAT ARE YOU LOOKIN AT, FAGGOT"" if you stopped to read it"
719995176760905728,"@jx373 yes I'm dick, nice to meet you faggot."
720233404843868161,@AIIAmericanGirI @BreitbartNews how bout u give all of us a brake ya fucking doushe bag ill kick your ass ya faggot!
720634556458602497,@Xeonable your a fucking faggot you dumb poor bitch get you dumb ass up and get a job u stupid bitch u have to steal money to afford wagers
721117257955471360,@KEEMSTAR you fucing faggot
721089005094350852,"@kody1122 you said it, faggot."
720956754515734532,@PrinceBama you mean a giant one you bandwagon faggot? Lmao
721081149200543744,@FSU_ATL u blocked me u faggot
721370484835627010,@Craaaig7 except u had ur arm around me like a faggot
721327371593252866,@Qhazs do you actually not have maps you faggot
722112977328082944,@brett_C99 @kaylab103198 Dong? Faggot. Looks like you love dem boys. üòÇ
721997755594444801,@adz1000 happy bday u massive faggot üçåüíõ https://t.co/HPZ9r2bTe0
722163640305115136,@LiamGibbs99 You faggot...
722448295142887425,@Miguel_ill dumb ass faggot you don't know shit about music stfu
722291692410306561,@juliejeromy777 @Big_Rick_214 nah your a modder faggot
722443094222880768,@Rcsmith26 @haus_of_pain15 @Jdog10378 @CutonNickle5 stfu faggot
722538564978876416,@APardewCPFC aye we'll blow you out the water you fkn faggot.
722907323971166209,@RealSkipBayless you just cursed his career faggot
722832736667312128,"@BenMoolb @Christinagirl88 @mastersofed @CraigCustance I have the right to call you a faggot. Nothing will happen to me. lol ""hate speech"""
722766235969142784,@xokorimariexo oh yeah ur not butt hurt bc ur a faggot üòÇüòÇ
723190972159389696,@JermsR10 faggot you ain't my dad
723299147470766080,@kirkherbstreit hey asshole thanks for exploiting prince's death you faggot
722976609695838208,@JimMWeber FUCK you faggot
723549425788805121,@Nero Hey do you have room in your Dangerous Faggot tour to come to @UVU? It would be amazing and you'd definitely trigger some people
723612222883241984,@FaZeRug  your a faggot
723343481247162368,@AWildPikachu that stays in the dms you faggot
723322165815336960,@jacobsartorius you bitch face nigga cuck beta male I hope you jump into a window full of broken glass and break your neck limp dick faggot
723613124675416066,@poskiii So proud of your faggot assüòä
723787897124610048,@Dharmaboi happy birthday u faggot. ill watch anime with u as a present if u want
723747128476987393,"@DetaiIz @AZEALIABANKS lmao, KYS, faggot bitch, only her bottom teeth needed to be straightened. She's more paid than ur fat ass mummy."
723682645264216064,@bro_its_walker_ stfu faggot
724003715028553728,@RealOrvia you know why I couldn't tell the difference? Because I don't do either. You know why? Because I'm not a faggot lol
723774253066133504,@BaxterDesigns @yss4j why would you be in her dream? youre a faggot
724026980849582080,@Kenziekatheryn ur a faggot stfu
724281403148500992,@xbanaanaax you gay faggot
724088884561346560,@PhantasiaNight get a better job you faggot
724358616094900224,@CodeKEEM you are such a faggot
724034849355370496,@bmcgibboney @jedlusung lol ur a faggot u deleted ur first one üòÇ
724747927168671744,@_uhthena just tell him next time Shut up faggot you are just mad you dont get pussy and see what he says
724793611532034048,@StLouisBlues fuck you faggot
724902848006381568,@fulgencem first go back to school learn to write my 10yr old son got better grammar than you retarded faggot.
725340699772739584,@annie_napes delete your header faggot.
725303190124634112,"@TylerHeintz1 so when are you gonna tell @ItsRedFusion that you think hes a tmartn rip off and u hate his content, also you're a faggot"
725341362468491264,@Kellinquinn you fucking faggot you ruined Santeria
725369950848864256,@ovocoen @Spydr_ @ExoticBruh you look confused as fuck in you avi. Dumbass boy. Should I use this filter or do I look like a faggot.face ass
725185388902420481,@LeafyIsHere I support you and you dare call me a faggot? You Bitch
726113097648357381,@stfuBlH lol are u callin me a faggot or you are talkin bout the picture?
726107825391439872,@LukeDebell yeah now you are forsure faggot
848159571990507520,@PauDybala_JR your not good your never going to be good fuck off you Argentinian little faggot
848248973567688704,@Nanayas_ Yooo sup you faggot
848026180532011008,@jacknicas Ur a piece of shit faggot the world hates you
848050964699525120,@DaBirds_ATL @_VinoTheGawd Wow fuck you faggot thought you cared about the troops?
848603996256448514,@HirakazuO How stupid can a Person be.. So much money. Go get yourself some help. You could've cashed out. Stupid faggot
848814915217313792,@Ubisoft Fix your faggot fucking servers on ps4 my sexi dood
848700746275205125,"@jrivera64 No, minoritization and gradual elimination by social promotion of miscegenation feels like oppression. You feckless faggot"
848954707162914816,@AllenK_81 @FuckTheFalcons @Knowmans_Land @PunishedRabbit1 did you join up with your racist faggot friend to try to falsely accuse people.
849289278404349952,@iamselym take your faggot ass out of her tiny ass boy
849116833793794048,@BVBAlx What if I did you homophobic faggot what the fuck is wrong with you
849359109392658434,@_RandomMofo Traps aren't gay you faggot
849616341866881024,"@ShonicSSBM @toonlinkirl also fr*ck you, you are the gay weeb faggot here"
850264533796962305,@ZeddRebel https://t.co/pX3x3D8SH4 I hope my balls land in your mouth faggot.
850379860362932224,@TheBEEinHD cause u are a faggot.
851158046344597505,@Big_Fanton do not play sakura games you faggot
851339856856928256,@makkkadelic I love you faggot
851813569935147011,@briggakutz Fuck you faggot
852594167662432259,@BlakeScaggs @CashNastyGaming What innocent soldiers and kids? You faggot half of the kids in Syria have lost there‚Ä¶ https://t.co/kR7Rj70meA
853762331653885961,@RyWeeeeezy I knew you was a faggot üíÄüòÇüòÇ
854342743627354113,@jetboxx @ORB1T4L_ Nice for you. Faggot is a slur and is an Insult to a straight man and to a gay man.
854174703057076224,@breezy__77 Stfu faggot üëÄ
854725696161288192,@superhound_ @TheSphinxStudio @NEORFX You can't be illiterate for being a faggot.Think you need to educated. Im far‚Ä¶ https://t.co/fFlNBjEUvI
854878725367791623,@lastkingjc Lmao someone mad you must have been looking at the #TeamLilKim hashtag so what is your faggot ass gonna‚Ä¶ https://t.co/6ZWGEaSwKJ
855250462324400128,@d_camp0s It's cuz ur a faggot ass bitch
855625860933726208,@B_ON_GuARD get up and drink beers with us you faggot
856172127069908993,@ThatsMeOnTV FUCK you faggot
856053340177932288,"@6lecka @DrewNextDoor_ Bitch I'm not really with all this name calling shit , so you wanna pull up and see how much of a faggot I am bruh?"
782042044340449280,@babyjuj_ you FAGGOT
782113792087957504,@Kaispinelli you have a game at 6 go to sleep faggot
783077198550958080,@Ramses_Pimentel damn ur a faggot lmao
783030952167518208,@xx_darlene_xx you faggot ur going to hell
783088749659975680,@_JM_10 shut up you faggot
782749719894302720,@Cashout_Too_Icy change your name faggot you probably got like one member
782941659613003776,@mrgrizzlybear20 id hate myself if i were u too faggot
782792786995052544,@atifqureshi24 u r a faggot who doesn't know even how to talk to fatherüòÇ Must reply
783184119756787712,@FACEDevlin Nah I just asked who you were. Found out you were a faggot and that's that shit I don't like
783106558683217922,@MartinShkreli it was me. fuck you too faggot.
783642162898567168,@maxbeckett_ @Tom_Arnold5 @AlexHead277 Don't do it Alex you faggot
783749151213236225,"@MulamboMan @PlayingPS2 I DO, YOUR MIND CONTROL WON'T WORK ON ME SINCE I'M INVINCIBLE FAGGOT"
783838145968087040,@nativesiren @JadeWavez stfu nigger rocky is a god but he ain't the top of the food chain you ain't listened to real bars yet faggot
784293345388400641,@XarthosPlays we've decided to call you a faggot.
784610627692134400,@kurtbardella @GayPatriot you faggot
785258320496123904,"@1440px So does your dick, faggot."
785179861883183106,"@T0welzz  You're the SJW here, you oblivious faggot. You don't support free speech if you're blaming someone for getting fired over a..."
784960856299745280,@LitmanBodey your a faggot. Go vape some oxyclean faggot
785250481367085056,@jaewestcoast_ yeah with no Brady u dumb faggot.
784919374633271297,"@josh_p_walker yeah, you wish faggot"
785376960599977984,"@NamBarc_Nacbac yes iam quite swell thank you, you faggot"
785560335558316032,"@ahmadabukhdeir honestly, you're a faggot for writing ""ma2looba"" yeklib wijhak. You at work? :)"
785631294805856256,@eRaPrelude @dzncasper chill casper u faggot everyone says shit like what he did in the community
785762102568816641,"@fewowns, why dont u just perma ban then I can stop subscribing to your shit mm system, btw, lose weight faggot"
785847318251704321,@YungMuss_  first watch you mouth faggot and ill think about it
786300844140486657,@kamxcastaway Your a faggot fite me u dump
786506776061546496,"@FearTheShell @audacityofDOPE_ ur not a real man, ur a faggot"
786506776061546496,"@FearTheShell @audacityofDOPE_ ur not a real man, ur a faggot"
787160546424397824,@ChoseOnTheBeat you a faggot üñï
787455464703275008,@LeafyIsHere  y do u ignore me faggot
787673430136983552,@LumsdenJose fuck you faggot. Thanks though bro
787648033597038592,@Sylv3on you shut up faggot
790051550135672833,@t6nzr please get cancer you complete detrimental faggot
790213416740880384,@Thee_AR15 Stop playing like a faggot and catch the damn ball you herb. You thought you were hot shit last year now you're a bum.
790311815104397313,@ntreuheit faggot you live in the most pathetic fucking retarded sports city on earth where the combined intellect is of a 5year olds
790675893266026496,@Ashenguy check your dms faggot.
790635535698169860,@HYPRWLF You fucking faggot
790577465538252800,@dapperlaughs @richardhoggy how does that make sense.. 'Since you got a Mrs your a faggot' üòÇüòÇüò≠üò≠
790737381762670593,"@DTruthForever @Chloeanne123321 there isn't an argument to be lost, I'm just stating your fucking faggot who doesn't know how to rap"
791041347167907840,@MrScottEddy who the fuck are you faggot
791026818115575809,@ashleynhannah me personally I think you look like a faggot
790990231180873730,"@maximpls ""ghost killing"" lol faggot u were good stop lying fucking asshole"
791144464123359232,@notemmalee @Dare_Low ok shut up faggot you're not fooling anyone we all know ur emmalee
791139825239855109,@NaS_UnTaMeD @eggycrunchybob fuck you faggot
791486492837224449,@ratmnd shut up u faggot ass
791638377011433473,"@TombaHat You might wanna try convincing someone who hasn't seen you tweeting &amp; retweeting complaints about feminists and a ""female faggot""."
870232054851678209,"@Piistdrei @Rikaaee ""i hope you die faggot-dinosaur."
870403232798875648,@Tydvns ur still unfunny faggot
870323218023895041,@Aesthetic_Frog FUCK OFF YOU ABSOLUTE FAGGOT
870518982997966849,@stayLWKY @FettyCost Wow your so funny. Fucking faggot.
870879571486232577,@YoureSexxy rainbow you faggot
871277220869808128,@LeakeLauren You called me a faggot?
871314227214000128,@pd101s2confess u faggot.. his bae gettin mad now https://t.co/V9m2zLt4CI
871480682371059715,"@Idubbbz pls, u gotta see this u nigger faggot https://t.co/mVKa57t8fG"
871210460128870400,@TheSaxonQ Pure faggot. Peter of Sweden same. Stand by as your grandfather's soul dies.
871173906798964736,@Cruel_is_sexy @Omnomska @tommyshaw1995 @ChromesSQS @_yCranky SHOW YOUR FACE FAGGOT YOUR BEHIND A SCREEN SCARED ASS PIECE OF SHIT
871531030804652034,@MJP1113 @dark_wisdom_ @LouiseMensch Autocorrect.   Now..go find your cock ring like a good Twinkie.   #faggot
871845066721120256,@Deeny1440 @ZRKLDN @ZerkaaHD are you a faggot
872056048600858625,@MikeAndMike what's up with the Faggot and nigger on your show. #DodgerFan
872169563256799232,@xFullEffect You didn't even like my tweet üòû kmsüòÇüòÇ and you're the faggot who don't play with me and Krissy anymore
872087338125594624,"@TheHemperor @mikd33 @realDonaldTrump You're such a faggot dude üòÇ ""SAD!"" You sound like a failure of a father yelling ""Shame!"" At his son"
871909994542751744,@Kevitooo_ @RodriguezThaGod Why you looking at my ass bruh .. you be a faggot
872307706836770817,@guaplilwhore @PeriodicZone you faggot
872711890950139904,@harmfvI @RedKWlZ I thought the pic would be funny... but... ok fuck you ya faggot
872825816635330560,@zepar___ do it you faggot
873592589949300736,@trixotoulis @AngelaMagana1 faggot? By you looking at your twitter and all your gay flags..your the one that puts toys up your ass
873676102731825152,"@YousefErakat Stop being a faggot then he'll stop ""lying"" on your gay ass name(.)"
873819799574458368,@Lawrence are you an undercover faggot?
874097886128205824,@MilkiBO3 Did you faggot!
874287988771102722,"@EGSworld When we say KILL YOURSELF you weren't supposed to take others with you, faggot."
874122208909701120,@VIdarVikingElvi YOU LITTLE VIKING FAGGOT! I WILL TIE YOUR GIRLY ASS HAIR TO THE BUMPER OF MY HUMMER AND DRAG YOUR SORRY ASS DOWN THE ROAD!
874557250500775941,@KingOGSavage @nasia_gionet L M F A O. you a big ol faggot
874655451727642624,@Rehman1198 @ZaidZamanHamid @naveedahmed2001 And you are the best one this faggot zaid hamid have.any doubt ask your mom.
874478431144169474,@RaptizuM boy spell faggot right you illiterate gamer LeBron CREATED a superteam KD JOINED a superteam stick to COD‚Ä¶ https://t.co/M33kCiHbQW
874538397104091136,@Freddddddy_ NO. Don't you dare faggot.
875003302156566528,"@ganderson_00 I'm actually crying , love u more faggot"
875043227707092992,@Lance210 Fuck offf you faggot leave Lance
874855155132399619,@discordapp hey get some faggot keeps dossing me can you help me thanks
875107438327988227,@Bryacre DON'T GIVE UP ON BLOODBORNE YOU CASUAL FAGGOT
875190674290638848,"@psychiccyclops @EchoExit_ You are a dumb internet faggot. Not as dumb as Kala, but still pretty dumb."
875186584831787008,@luvmaIi man fuck you and everything you stand for faggot
875657659705413632,"@TrauMDMT Randoms ... I follow non botted people faggot - you started traum , it's honestly like making your own di‚Ä¶ https://t.co/Tqsqo2YGDC"
875832537008025601,@getnickwright Stfu faggot
876480234006118400,@anders_adkins Shoot yourself you fucking faggot
876659767007219712,@LeoDiCaprio @GovSandoval Go fuck yourself you little faggot!
876721351964413952,@dogomarquise You are a sexy faggot
876599599724724224,@SexuaIActivity @ClubPenguinAsf Gtfo you fucking cuck faggot
876615689079058433,"@alonzo_morales_ you're a faggot for falling asleep, I drove all the way to your house for nothing"
877262605945118722,@Lance210 stop hunting for views you fucking faggot! Get a fuckinh life you twisted cunt
877301474556071937,@ibsmokincrack are you mad faggot?
876954567870742528,"@uMentalOW I know faggot. Alright your lil' boy has to sleep, bye!"
877363902547464192,@UpNextBt But you are also a small dick faggot
877977403414331393,@SanctusShades shades ur to scared to walk to ur local shop u legless faggot
877979773191864320,@MJ_Led @kporzee Why is your account private u faggot
878324020713734144,@NCCsmooth96 Stfu faggot
878369050736381952,@RapinBill Because you faggot Dems are sucking all the energy chasing fake news and sucking off Muslims. TRUMP 2020
878267716372705281,@alishabessant Get and do some house work to earn your keep whilst you still live at home faggot.xx
878151152436617216,@15ggaietto you look like a faggot
879252681528926208,@FoxNews So I guess you CAN be a faggot and a racist https://t.co/0hOzPJmt63
879465898972766211,"@JoshTaylorBoxer @OharaDavies Haha you can't even spell faggot, I'm walking a grand on OD to win now , if your so c‚Ä¶ https://t.co/qgPYyjAA0w"
879805763421470720,@REALlZM your actually a weird faggot for that
879538246543454209,@Domgemelli fight me u lil faggot
880059749538115586,@AcidEkoh Your a faggot niger üá≥üá™ faggot
880272790808604676,"@russpitts @notch ""I'm sorry your life's been tough, but what have you done for me lately?""  Imagine being this huge a faggot."
880236191307759617,@TryIsLegit @stfuusav try ur a FAGGOT
820162190141440000,@cenkbrdc @okckagan @warriors you aren't even from the US. Quit bandwagoning faggot lmao
820409050089164801,@RSherman_25  dude your a faggot if you cant get a pick you need to man up and meet me at pike place
820740614010667008,@kaydennM98 @katie_bligh nah u didn't u faggot
820459046197022724,@ligayanilevie this is the correct spelling of FAGGOT. How do u spell idiot? lol
820763930146508802,@RandyMarker7 your a faggot for this
820513505023496192,@JerbyJer @caustic_Killer @SORS_Bot you like guys with tutu dresses fucking retard. I'm not a masculine tard buy your a brain dead faggot
821432921634512898,@thaithompson2 yeah cause your a faggot
821182764980518916,@KDTrey5 Tear your acl faggot
821418069620903939,@_ItsLondonBxtch you a broke ass faggot an you bitch made üíØ
821778091878055941,@DWashford Sweetheart? You really are a faggot in mens clothes.
821651574883807232,@ZeroD14th you sound like 40% faggot üëª
822411410827341824,@jayjay47269008 get a life you faggot
822908293253365760,@bergerharry What if you weren't a faggot?
822948273338089477,@catgunz you always call me a faggot
823295016437219328,@Liquid_Hiko You can run only in the game u fat faggot
823034512431005696,"@SenSanders yeah fuck you bernie, thts why you didn't get in you faggot üíÄüíÄüíÄ"
823629180856217600,@qulizer stfu faggot
823338335229898752,@billmaher good for u faggot
823747468592578560,@NOTbriz faggot u home
823922710816362496,@shoe0nhead bet you won't faggot
823960551822938112,@KeezyBeenPaid @PopsSocool @__HotBoyD @SportsGamingg ur a faggot keezy kys
823693034944462849,@teeehya_ @B34___ that was our exact conversation Thursday night you faggot
824103502100111361,@KevinBojorquezz  you faggot go kill yourself https://t.co/D61yO4ImfW
824708559833329664,@Hoogie52 @GarySharp1620 @damonbenning wouldn't follow u for a million $  faggot. Just always see u on husker tweets. Not sure who u like?
824731406198775809,@Veroxhh stfu your funny tho give you that faggot
824723525110034441,@CobraKyle1 @KOSDFF @Marble_tK @OMGCuteFox who are you a faggot?
824741543840010240,@ayygent go jerk off to dirt blocks in minecraft you dumb fuckin faggot
824613441377894401,@PM_Conlon it's not a lie. You really are a faggot at heart. üíù
824636413601873920,@Jakeellis1312 @Ben_Ellis_4 @therealQHSPolls @EthanWalker309 and if you out other kids on it that aren't me then your a faggot
825459281520709632,@718InfrareD why dont you take a normal picture without your whole face covered you insecure faggot. Might as well have a dog filter pussy
825504731002990592,@Fulkerson22 I know Smitty told me to call you a faggot üòÇüòÇüòÇ
825788794406367232,@Stun_Empire eat ur shoe faggot
825584846386892801,@ItsPriscy dont pay any mind to the faggot in your mentions ... lol
825794356061806592,@Bubz692 a complete faggot? I'm quite sure MacGregor won't lose sleep over your silly boycotting of his film
825966234441285632,@Snarlindog @SkyNews @POTUS in the evening you faggot.
826104034104848385,@DavidKHarbour hey come on out here to Iowa to punch me in the face bitch you faggot I'll fuck you up
826122161895059458,@teriyadisauce go move to Germany you faggot.
826209801889734656,@plglls You shut up you faggot ass owl
826255876306632704,"@tyleroakley Go kill yourself, you stupid faggot. I hope that you choke on a black cock and drown in the semen."
760236671501643777,@HazzeKun @Dark1Souls cause your brothers a fucking faggot
760061307655626752,@_Unmasqued @MizzAnthropist shit up faggot no one cares what you think
760259014584217602,"@Andywarski Racist!! you're a fucking a white male, Faggot! LOL Love ur videos!"
760579174205718528,@_Smoh09 @fallxw I didn't and take your eyes off my lips you bloody faggot
760407501321834497,@fairlightex fuck you faggot! You permanently banned me from your twitch stream all because I said your shirt wasn't my style. U suck ass
760566826174558209,@idksylas98 @_KingFlores1 nigga before they hit you up stupid faggot
760653253990309889,@DefaultKoda @DISTlLLED watch ur mouth faggot
760900457866723329,"@drewmagary Hey faggot, where do you get off writing negatively bout the Dolphins? Florida should die?? Keep our name out your mouth bitch."
760732576684400640,@_xemmit so do you witcho faggot ass
761317275244855296,"@2SpookyDude you stoopid faggot the word ""like"" is for facebook.."
761281447495864321,@royalfranta @GodLikeZeph your faggot profile pic jesus i could go on forever give up....
761335885363228672,"@Drake know your place faggot bitch don't start with em, keep making your tween music and stfu n3rd"
761061586270158848,"@Danny_mort_ @GiuseppeWestern fuck you faggot hating cum guzzling freak, he's MINE"
761642233137356800,@yung_freckles gay ass. You don't even like girls faggot
761643227183091712,@Delfina_micaela  IS THIS CAPITAL U HAVE FOR SALE? CAPITALIST FAGGOT
761686285895344128,@johnparkernels1 goodbye you 10 year old faggot
762030130764013568,@djddueces @Chamathke @Osvaldo5203 @SBregenov @PokemonGoNews why don't you and your ugly girlfriend go fuck off you fucking autistic faggot
761981560711057408,@ProphecyDstryr hey faggot why did you dispute
762391151257190400,@lewis_bloor you are a absolute faggot üòÇüòÇ
762112607536881664,@ShiFT_ @Maxiedome fuck you faggot
762269780673835013,@jefrouner You intellectually dishonest little coward keep enjoying that $ONY money you smug little faggot
762147940349546496,@modtyleryoutube @Wowsa_Meowsa there is none yet you faggot
762392669590990849,@Seckbach Damn youre ugly. Look at that fat you have on your neck. Haha faggot https://t.co/1Dox13VHQR
763149246568603650,@rottenattitude no u faggot biker.
763047576631439361,@CarrCarrsmith40 you a faggotüôÑüôÑ
763070934701973504,@IanGroov @ImNotATrollYano @LFC_RV and who are you like? Mr Fazak or something? Faggot.
763181605615788038,"@L7Ricee hey faggot Asian looking ass I want to see your setup, show a pic"
763196180809461762,@akaTrue @Nadeshot @IIJERiiCHOII weird that  you have to be such a faggot after someone was trying to help
763454382146854912,@efrainsosuave u look like a one man army faggot
763208788878897152,@crlnlsndrs @TheTreyDuran faggot feelings? You are radiating masculinity and strength I'm impressed. Your ad hominem arguments are flawless
763637761341476864,"@tthhrraaxx you're fake as fuck. I called you as fuck, multiple times. Don't talk to me ever again, faggot"
763805596420231168,@RiceGum cause your a faggot ass bitch! Jk lol
763804837242777600,"@kissedsoftly you're a bad parent to Lucy, let's throw your faggot Guinea pig too"
764164926638288896,@Intel360 lol can you not tweet like a faggot? You got an album coming out with mode and shit.
764192495781773313,@RickytCo yes you little faggot
764497157428699136,@LeafyIsHere night u cute ass faggot üòòüòò https://t.co/ND9MZRaNx3
764582368908902400,@stxphseymour that's funny cos you wouldn't dare u fkn faggot
764253367732350977,@BeZo get back in your closet FAGGOT
764920064915017728,@loseraris you won't @ me though faggot
764693153060237312,@Cog_Hxrs YO WHY YOU STALKING ME FAGGOT
765199015503888385,@NFKRZAlt no papa franku? dissapointed in you faggot
765388979713826817,@Norfboij5 &amp; you a real life faggotüòä
765599177279582208,@ValorForFreedom You don't b/c I would be way too liberal for you w political beliefs.And I can't respect 'faggot' word.I have friends who r
765620547229278209,@ObeMaxim YOU MIGHT HAVE DELETED IT FROM TWITTER BUT IT'S NOT DELETED FROM MY MIND FAGGOT
765494193837924352,@TaintedGuydra you won't make it out of group play at XP red head faggot.
765925531879673857,@_teamfyl swear to god you aint a faggot..üëÄüíÄüî•
765969681123569664,@Platini_954 I have the same right as you do. Don't like it block me faggot
765747647227453440,@drake_olson1 @RumseyWalker25 @TooleyEvan okay drake you are just a faggot üòÇüòÇ
766223755278295045,@Dallas_710 u prolly meen dick and bedüòÇüòÇ like I said tho ur jus a mouthpiece faggot I could knock ur mouthpiece out with 1 hit tho faggitüíØ
766093832500805632,"@KenraShea I said older you Faggot, you don't count, don't make me beat you up"
766350611986026497,"@HACKERSEB Do you mean: Yeah faggot, you dirty click baiter? Just asking because everything you say sounds like autistic Leafy fanboy trash"
766444891543052288,@LtCorbis @noahüåπstfu faggot
766732251732275206,"@Taybathers faggot, when I wa ur age I went out Friday night until Sunday afternoon. Grown up now like"
766762027075440642,@sketcccH ur a faggot lmfao u would prob get destroyed by half of those kids üòÇüòÇ
766747820967628800,@chichaypvp k ur banned faggot
766724953622376449,@ZenyBoi @veltrozz @FaZeRug yea cause you cabt swat crap faggot you probably use a web stresser get a life you skank
766822165010223105,@dylan_davison_  your a faggot bruh go die in a hole
767085726672584708,@danman232323 @wweromanreigns you suck your a jobless faggot
767008723436994560,@carlteenmachine fuck you faggot
767144035895087105,"@Emmahdorable it'll die down soon , people are faggots and will do anything for attention. keep your head up."
767308150642966528,@up4thecoolcats calm down u faggot
767274017388630016,"@Ej__2500 üíÄ bitch you came in mine, wit that aluminum foil in your mouth faggot ass nigga üòÇ yours a whole clown"
767454628309037056,@OfficialStarSav blocked you creepy faggot
767252810983354368,@xShorbie do it you gay faggot
767323145279795202,@c_rbon I've been inside your mothers intense times faggot as a model when they can have me I am walking sexuality
767234062431850496,@MR_LEGODAN you just like mcgregor faggot
767181805602557953,"@tayfennell THE SAME BITCH I TOLD YOU ABOUT LAST NIGHT. SHE CALLED MONTANA AND JAKE ANSWERED THE PHONE SHE SAID ""you sound like a faggot"""
767549692192231424,@DWallace26 Bitch u the one who brought it up first idiot and I ain't no faggot who talks about dicks like u go fuck yourself
767585868068421632,@HumbleCrey I always knew you a faggot
768207434557120512,@dank_vader your actually a faggot
768156993873850368,@SavageRodgers12 cheese grate your scrotum faggot
768583349053034496,@youngthug dont think u hard cuz ppl wont beef with u. They dont wanna catch a hate charge faggot
768860932290203648,"@Trollzous Because your a clickbait faggot, you fucking smurf on steroids"
768967845120188417,@JayFromTGF what are you a fucking faggot
769556096226828288,@bonegolem @MarcheWasRight @YandereDev Eva your a faggot I saw how hard you shilled on /vg/ back in the day.
769668902066458624,"@clammyhxnds ""why don't you suck a sick faggot"""
769643052541485056,@RedRetract fuck you faggot
769618109023924225,@apply72 @CogHavoc i hope you know your being a annoying faggot
769349317035302916,"@tarzanedlol this kid legit flames others when u dont post a pic of yourself, cool story either way u didnt come to dreamhack faggot"
769679073224208386,@Jesssmichellee u r an faggot
769847113840680961,@JMurray247 you're a lonely faggot &amp; I'll do you like everyone else does...ignore your existence. üòä
769719288215339010,@caitlynhussong shut your mouth faggot
770098042267656193,@ruinsisretro @IcePoutine @mab1e no it's not you tweeted it a few months ago you faggot
770261410404143106,@joeleaseeee @spinosaalec @ShitPussiesSay I'll fuckin smash watermelons over your skull you pussy ass bitch you dive into dick faggot
770769231554183168,@parkourboy_123 bro take it down u are just a fake ass friend and an ungrateful piece of shit u should be thank faggot
770626839140265984,"@ARitzka @reverbrony @ObabScribbler @StarryFlame everytime you suck a dick, you look like a faggot. Go figure :P"
770733877786587136,@kessner_tara this is my pic u faggot
770678563305500672,@imreallyjai we need you in chat you dirty faggot. IT'S THE NUTSHACK
770993819777110016,@imurbabytonight i was talking to kylie you retarded faggot
